date,criteo_cost,criteo_clicks,criteo_impressions,google_cost,google_clicks,google_impressions,meta_cost,meta_clicks,meta_impressions,rtbhouse_cost,rtbhouse_clicks,rtbhouse_impressions,tiktok_cost,tiktok_clicks,tiktok_impressions
12/14/2021,,,,447.39,36093,1937755,171.57,42624,1004004,60.36,2257,128399,,,
5/1/2020,,,,908.69,29181,1549808,,,,75.39,3824,219203,,,
6/22/2020,,,,1181.29,32594,1874009,,,,137.14,7234,379681,,,
1/10/2021,,,,450.64,18963,922658,148.54,20050,406770,93.01,4085,258610,,,
12/14/2020,,,,1425.53,59493,3192592,311.25,22446,502553,157.2,6871,385213,,,
11/7/2020,,,,529.73,19722,920843,125.44,11508,317945,68.93,2957,184735,,,
12/28/2020,,,,486.89,18785,738271,134.2,14255,283460,103.37,2856,176444,,,
4/8/2020,,,,666.94,17463,971812,,,,106.5,4343,300627,,,
11/8/2020,,,,559.74,20843,958080,105,12043,329263,70.66,3345,211045,,,
5/15/2021,,,,474.41,15061,879606,300.97,31146,1076975,32.22,805,58361,,,
11/8/2021,,,,1435.26,25663,1492737,881.66,34252,1161543,107.91,3079,173061,,,
12/15/2020,,,,1085.55,49319,2620589,246.36,21858,512498,135.85,5547,313681,,,
6/23/2020,,,,919.15,27543,1734838,,,,124.9,6054,368637,,,
5/16/2021,,,,531.81,18673,1026683,331.04,37898,1235167,40.38,1057,74447,,,
12/29/2021,,,,707.46,32342,1776753,349.8,45018,1084325,59.13,3026,138986,,,
7/30/2020,,,,588.03,20421,1038519,200.28,6217,495134,48.61,2041,136926,,,
12/29/2020,,,,402,18801,794746,109.42,9318,202495,73.21,2254,131315,,,
1/24/2021,,,,418.49,25336,1161407,136.82,18476,365314,73.1,2523,137660,,,
12/1/2020,,,,608.84,32100,2532088,151.33,16206,344451,175.27,5858,431248,,,
9/5/2021,,,,414.58,13945,631082,300.06,17727,453639,63.29,1208,90846,,,
5/29/2021,,,,970.79,27483,1235388,390.3,36943,774409,70.83,2265,143834,,,
1/24/2020,,,,540.97,18454,872522,,,,68.9,2728,281222,,,
4/6/2020,,,,663.99,18708,1094886,,,,80.83,2957,203763,,,
6/21/2021,,,,576.52,19255,942555,329.6,27309,722963,109.08,2444,181420,,,
4/8/2021,,,,458.27,15693,970895,173.55,22991,541045,148.2,3532,269472,,,
1/12/2021,,,,565.87,21454,983738,171.76,24402,471810,114.34,5191,331730,,,
9/8/2020,,,,560.13,14654,688645,128.46,7580,425805,56.52,2544,170784,,,
5/1/2021,,,,643.72,20400,983003,361.4,30911,926355,69.85,1660,112870,,,
6/25/2020,,,,1032.5,27242,1850804,,,,114.24,3889,314892,,,
5/17/2020,,,,1759.25,53249,2656615,,,,162.27,8851,375203,,,
9/7/2020,,,,624.55,16100,806268,155.34,8620,485459,58.1,3539,237208,,,
11/6/2021,,,,1323.34,25128,1294029,709.77,27226,1052245,121.44,4066,218811,,,
12/16/2021,,,,255.14,20922,1090263,146.26,29666,701364,61.81,2637,183876,,,
5/16/2020,,,,1952.63,56318,3009863,,,,131.25,7232,352373,,,
5/18/2020,,,,937.44,31067,1534287,,,,133.91,7801,399094,,,
12/17/2021,,,,257.68,17533,1715710,87.2,20495,501742,43.75,1866,126059,,,
5/2/2020,,,,740.97,23150,1079482,,,,61.5,3810,174552,,,
6/24/2021,,,,498.7,17183,869767,307.78,25529,702839,34.54,760,60130,,,
6/23/2021,,,,535.28,17366,849973,283.56,25210,670758,37.49,863,46436,,,
7/31/2020,,,,485.69,16592,840855,142.56,6910,463061,22.72,1138,66134,,,
1/25/2021,,,,448.12,20367,967790,149.71,17282,328830,88.32,3395,201846,,,
6/11/2020,,,,930.84,25418,1421786,,,,116.1,4185,277532,,,
9/7/2021,,,,394.69,12925,601878,296.97,16735,424661,104.24,1922,188267,,,
5/17/2021,,,,541.2,17492,854515,433.53,30854,1127379,48.98,1358,105162,,,
6/22/2021,,,,519.49,17181,818614,282.01,25860,683275,64.98,1439,86168,,,
5/3/2020,,,,753.81,23997,1191301,,,,51.35,3269,137407,,,
1/11/2021,,,,492.67,19959,1007128,153.96,20021,406212,136.19,5974,363776,,,
5/2/2021,,,,638.4,21150,1122062,378.55,31949,932977,55.54,1296,82734,,,
4/5/2020,,,,668.35,18479,1013526,,,,74.76,2893,187302,,,
11/9/2021,,,,1687.17,27904,2030069,812.16,41060,1008390,169.97,4045,250666,,,
11/9/2020,,,,747.27,24047,1033789,166.21,16870,436452,159.09,7064,471741,,,
1/22/2020,,,,518.03,19318,975288,,,,53.86,3160,335461,,,
4/9/2021,,,,456.46,16146,1030686,218.59,22354,571363,49.57,1658,109607,,,
12/13/2021,,,,419.68,32034,1782489,288.53,51147,1395923,50.72,1660,106125,,,
4/18/2020,,,,552.74,14951,704643,,,,120.2,4433,329551,,,
5/4/2020,,,,664.19,20066,967347,,,,49.73,3561,158428,,,
12/18/2020,,,,832.77,42940,2056318,246.19,26842,546928,106.02,4654,208755,,,
4/17/2020,,,,477.55,13001,636425,,,,115.71,4467,377244,,,
1/20/2020,,,,564.73,21081,943985,,,,88.67,3433,339448,,,
4/18/2021,,,,564.87,17980,1225171,133.27,27822,498219,54.96,1502,97751,,,
11/7/2021,,,,1393.73,26877,1387279,816.45,32276,1304893,109.16,3561,184834,,,
5/18/2021,,,,628.09,21657,1263127,576.39,31890,1465684,75.81,1859,140098,,,
12/15/2021,,,,438.19,36312,2055043,130.56,42866,934760,71.12,2882,154679,,,
1/21/2021,,,,499.6,26651,1227960,168.64,18180,346522,71.06,2770,168682,,,
6/13/2020,,,,948.91,29006,1421511,,,,88.03,3283,212287,,,
5/10/2021,,,,1025.74,28362,1733844,637.98,50487,1509920,100.92,2550,193123,,,
7/21/2020,,,,733.73,21933,1134190,161.29,8591,498739,153.67,5093,423608,,,
1/20/2021,,,,482.31,29544,1438315,145.39,18347,350686,81.82,3470,218312,,,
6/27/2020,,,,498.11,12374,728438,,,,66.29,2170,168106,,,
1/27/2021,,,,515.3,21230,1003342,206.23,18269,420997,89.84,3333,209254,,,
6/10/2020,,,,880.9,25142,1439731,,,,124.59,4469,302368,,,
5/5/2020,,,,710.64,22191,1086569,,,,47.28,3341,150833,,,
4/4/2020,,,,687.08,19759,1005106,,,,130.99,4404,287264,,,
12/1/2021,,,,321.41,13453,748173,44.12,15782,402015,16.39,1523,51750,,,
9/8/2021,,,,389.06,12895,621859,330.07,16725,457387,106.47,1971,192568,,,
6/25/2021,,,,420.09,15006,787724,274.9,23638,674610,38.14,888,50961,,,
1/28/2021,,,,486.68,24139,1167258,257.96,19771,461287,88.98,3414,192830,,,
5/26/2021,,,,656.68,20853,1019161,372.81,30944,890574,76.41,2059,169488,,,
5/4/2021,,,,883.12,26083,1420017,479.67,35339,1117575,91.32,2425,167243,,,
9/1/2021,,,,384.08,12693,629007,232.03,16147,430889,123.79,2597,276894,,,
1/13/2021,,,,614.06,23002,1066609,196.69,27002,490521,94.03,4287,264202,,,
12/5/2020,,,,863.29,40123,2223642,86.46,17602,379388,42.36,2233,127909,,,
9/15/2021,,,,280.43,9471,358066,303.33,16500,500472,59.77,1304,135133,,,
12/24/2021,,,,649.33,27994,1616493,276.3,38629,888190,65.22,2212,96381,,,
12/26/2021,,,,658.45,29249,1552502,450.29,51642,1307504,51.16,1770,73289,,,
9/16/2021,,,,279.66,10002,364768,286.21,16711,612024,54.97,998,102485,,,
12/28/2021,,,,827.4,29628,4223835,383.34,45573,1118260,54.39,2390,106824,,,
2/20/2021,,,,475.3,24398,1688076,269.88,35052,546830,35.8,1580,84637,,,
4/3/2020,,,,634.05,18153,1069396,,,,119.04,6558,467188,,,
4/6/2021,,,,468.56,16000,1278391,135.95,18049,392579,45.99,1196,82975,,,
1/21/2020,,,,582.83,21327,1022873,,,,65.01,3792,343068,,,
4/19/2021,,,,621.45,19010,1358509,266.63,31926,709621,84.06,2283,148682,,,
9/29/2021,,,,302.84,11428,519953,254.28,16839,536627,54.98,767,66922,,,
6/12/2020,,,,980,32369,1525452,,,,115.07,4084,288158,,,
7/30/2021,,,,239.83,7541,386900,158.2,11905,377441,30.17,960,65825,,,
12/4/2020,,,,636.55,27391,1472843,73.99,13163,295776,73.04,2770,162796,,,
12/12/2021,,,,506.37,39631,2253013,247.32,49780,1110942,32.48,1196,58841,,,
12/27/2021,,,,826.8,39614,2471941,663.19,67640,1720752,56.17,2274,105145,,,
9/9/2021,,,,419.5,13698,665313,366.44,18130,515932,118.77,2239,208064,,,
5/19/2020,,,,910.78,29674,1711702,,,,93.81,5853,251203,,,
5/6/2020,,,,784,24682,1225429,,,,28.79,3397,121448,,,
4/16/2020,,,,518.39,14646,725507,,,,119.41,4638,397968,,,
9/19/2021,,,,283.37,10136,387296,288.85,17432,661323,107.12,1918,201062,,,
4/7/2020,,,,605.22,16554,920111,,,,115.87,3774,266853,,,
12/2/2020,,,,769.86,29628,1553592,84.27,11694,257277,136.81,4739,334748,,,
11/2/2021,,,,517.22,16112,898280,176.04,9947,386605,55.15,1566,71802,,,
5/7/2020,,,,881.12,27180,1387551,,,,67.08,3280,176030,,,
5/25/2021,,,,696.62,21262,1160906,524.07,33946,1126852,86.43,2343,176187,,,
11/3/2021,,,,512.58,15155,768794,138.42,9140,313869,50.99,1624,85313,,,
4/5/2021,,,,423.07,15249,1203719,169.1,22905,507393,52.73,1626,108024,,,
12/10/2021,,,,807.48,47148,3030542,500.71,61054,1486910,31.26,1346,61253,,,
10/30/2020,,,,635.05,24216,1117691,96.48,10454,392963,139.44,5383,355218,,,
5/27/2021,,,,668.65,21097,787114,365.04,31639,920501,56.76,1645,112731,,,
6/10/2021,,,,405.95,15546,843725,285.91,22442,579389,90.33,2433,158010,,,
9/9/2020,,,,611.74,14921,737099,160.88,10334,566689,66.55,3328,195372,,,
7/23/2021,,,,108.27,4835,126906,56.76,12860,354005,9.02,287,23601,,,
7/20/2020,,,,982.6,25936,1349166,169.94,9736,518811,134.87,6016,465675,,,
9/13/2020,,,,728.93,18661,795237,137.97,9750,486037,64.8,3242,207825,,,
12/2/2021,,,,594.45,21797,1754287,133.74,26756,885821,58.4,3105,169112,,,
6/15/2020,,,,873.9,25151,1351175,,,,109.12,4016,276655,,,
6/1/2020,,,,770.08,24291,1368707,,,,103.24,7339,347210,,,
9/2/2021,,,,456.83,14042,663983,267.74,16149,388093,83.7,1577,149557,,,
6/26/2020,,,,756.42,19471,1257499,,,,101.55,3313,232323,,,
3/8/2020,,,,732.72,28222,1389259,,,,55.45,2158,181828,,,
5/8/2020,,,,834.92,27143,1408786,,,,57.82,3559,160756,,,
12/6/2020,,,,804.36,41361,2210508,95.25,22506,446299,48.02,2698,154521,,,
7/23/2020,,,,713.8,21911,1079077,130.94,7019,395378,99.73,2893,214617,,,
12/7/2020,,,,1118.95,49264,2730060,220.24,25714,527609,128.1,5097,330355,,,
2/24/2020,,,,650.74,23352,1121187,,,,123.74,3605,338853,,,
12/3/2020,,,,646.49,27333,1594969,101.09,15033,340371,118.98,3847,274607,,,
1/23/2021,,,,544.36,26748,1328415,140.48,17594,369176,63.71,2180,117503,,,
5/11/2021,,,,823.18,20987,1248346,609.07,48662,1462455,99.25,2353,185302,,,
4/2/2020,,,,665.17,19482,1143189,,,,23.64,1047,32023,,,
1/26/2021,,,,495.45,24697,1079341,209.11,18121,360838,87.95,3327,220728,,,
7/31/2021,,,,239.43,7484,390620,153.07,12955,431701,25.61,831,54684,,,
4/4/2021,,,,423.8,15818,1032466,170.58,28386,573737,42.99,1174,82174,,,
12/23/2021,,,,554,24279,1516872,254.51,33918,842260,87.99,3199,151969,,,
2/11/2021,,,,421.98,20372,1129121,196.16,22699,473467,79.35,3370,145818,,,
9/26/2020,,,,591.11,17705,881810,163.82,17046,824048,74.42,3459,198188,,,
11/5/2021,,,,1085.61,21826,1185869,498.73,18730,802744,123.72,4300,239135,,,
4/1/2020,,,,687.49,20438,1302617,,,,16.28,961,17589,,,
12/16/2020,,,,943.81,50984,2729617,275.13,23243,540178,120.34,4882,221921,,,
8/8/2021,,,,278.96,8403,368929,133.55,11618,283514,21.74,759,46012,,,
4/19/2020,,,,552.66,15805,746081,,,,121.23,4444,326072,,,
11/14/2020,,,,914.28,37356,2220586,238.21,18549,469721,154.97,5947,381338,,,
11/17/2021,,,,409.76,12714,638525,86.37,10230,230080,40.39,1624,47643,,,
5/9/2021,,,,1058.17,26870,1398900,581.91,46553,1530642,91.8,2144,168993,,,
12/9/2021,,,,976.09,58263,3682022,692.9,69870,1620696,40.4,1767,111559,,,
5/22/2020,,,,946.29,27947,1583568,,,,84.06,5288,226021,,,
11/18/2021,,,,321.22,10937,517939,93.37,8688,200336,45.65,2119,88171,,,
9/14/2020,,,,631.41,15542,760428,134.49,8741,465700,83.23,4193,285027,,,
12/20/2020,,,,953.88,45538,2393826,281.94,35778,627741,113.05,5146,196188,,,
4/14/2020,,,,532.09,15245,753990,,,,129.23,5226,437673,,,
1/4/2020,,,,414.29,22606,1030825,,,,134.71,4396,374242,,,
4/7/2021,,,,500.74,14761,954890,204.08,21829,507194,115.25,2998,212912,,,
8/30/2021,,,,356.48,12202,639892,211.14,13278,335155,100.48,2182,183185,,,
9/6/2021,,,,394.3,12887,597062,301.35,17510,452232,99.85,1839,169471,,,
6/20/2021,,,,651.66,20374,990244,349.83,28614,895591,98.69,2368,154702,,,
4/15/2020,,,,564.37,16057,814618,,,,125.17,4941,419298,,,
5/13/2021,,,,483.37,13890,679663,303.82,27034,990671,34.23,756,43029,,,
1/22/2021,,,,427.03,24453,1170567,169.5,17064,389970,82.45,3035,173244,,,
1/31/2020,,,,626.27,19036,980520,,,,127.58,5008,589609,,,
6/24/2020,,,,892.92,25184,1618557,,,,111.73,3839,314593,,,
11/4/2021,,,,617.73,16496,691834,271.63,13416,522954,61.45,1810,91873,,,
6/4/2021,,,,347.56,13353,567360,259.14,21793,651913,59.67,1817,125672,,,
3/9/2020,,,,680.98,26181,1312273,,,,115.91,4822,326859,,,
10/31/2020,,,,614.94,24164,937198,84.04,10882,393027,129.82,4996,314615,,,
11/27/2020,,,,4101.87,79381,4422115,645.01,30331,701491,924.34,14615,1103176,,,
7/10/2021,,,,350.51,12475,630256,280.87,17947,597592,69.13,1515,138995,,,
12/24/2020,,,,765.09,18886,901288,190.6,16171,323127,140.64,7901,392637,,,
12/8/2021,,,,669.25,40142,2524484,720.01,70102,1927820,38.98,1920,105862,,,
10/20/2021,,,,422.49,13978,613810,276.45,16185,504092,45.84,1060,68767,,,
9/18/2021,,,,281.94,10449,375515,297.94,16617,625394,118.62,2067,216963,,,
11/19/2021,,,,459.75,14289,678200,79.4,9093,190619,42.62,2108,78875,,,
1/19/2021,,,,571.04,26777,1259462,177.7,20548,421704,85.89,3806,238927,,,
1/19/2020,,,,589.11,24338,1061411,,,,55.93,2162,240559,,,
8/9/2021,,,,259.68,8184,382766,123.42,9985,263600,31.61,1074,84142,,,
1/18/2020,,,,552.59,22703,1040514,,,,54.67,2231,304387,,,
6/28/2020,,,,472.2,12865,746062,,,,67.44,2534,200256,,,
5/28/2021,,,,853.03,25300,1201912,402.51,38661,938761,58.1,1740,117243,,,
12/17/2020,,,,783.41,42299,1995301,247.99,21353,475169,123.54,5224,243167,,,
5/21/2020,,,,1026.83,29959,1792044,,,,94.39,5860,257724,,,
3/21/2021,,,,329.98,15244,858023,142.03,22105,465684,60.78,1746,113625,,,
1/17/2020,,,,537.75,20481,1000754,,,,96.96,4031,516331,,,
1/8/2021,,,,447.2,20073,970791,164.88,18459,423640,72.56,2968,167944,,,
9/27/2020,,,,583.49,16662,752497,142.28,19323,920246,66.44,3368,194182,,,
3/31/2020,,,,676.44,20288,1215722,,,,46.67,1738,148820,,,
12/11/2021,,,,594.07,39772,2419779,251.86,45032,962573,34,1172,59356,,,
8/31/2021,,,,341.73,12451,714896,220.74,12494,319359,103.93,2320,246809,,,
1/23/2020,,,,609.02,19316,980474,,,,57.43,2576,360168,,,
6/17/2021,,,,550.19,17285,990429,367.6,25236,787080,132.28,3082,246952,,,
6/2/2021,,,,490.73,17572,948815,264.53,26950,776449,102.68,3284,235206,,,
2/26/2021,,,,453.97,20414,1002157,306.14,30178,632824,106.66,5217,279438,,,
2/12/2021,,,,456.3,18821,970437,254.01,20932,554984,60.66,2677,140358,,,
1/4/2021,,,,323.26,18219,792576,89.16,18287,366641,60.44,1942,122941,,,
6/2/2020,,,,874.08,25478,1484022,,,,95.41,6811,319317,,,
11/28/2020,,,,2335.42,78347,3894714,341.44,27745,551304,372.13,8547,510760,,,
12/19/2021,,,,459.46,27011,2213329,67.37,25998,666112,32.43,1377,72076,,,
1/18/2021,,,,396.83,27879,1326599,143.58,20843,451008,101.18,4436,267119,,,
2/21/2020,,,,809.82,25923,1550276,,,,126.59,4626,372575,,,
6/30/2020,,,,134.99,3501,189107,,,,134.1,4148,366623,,,
7/25/2021,,,,170.49,6766,224397,68.4,13902,356674,10.63,314,26647,,,
8/7/2020,,,,644.94,19635,830631,180.33,8192,526161,91.54,3906,245236,,,
2/25/2021,,,,453.55,22924,1366180,256.32,30398,580981,110.48,5113,270566,,,
5/24/2020,,,,920.47,27940,1514562,,,,70.55,4287,164968,,,
2/22/2020,,,,728.33,25504,1548075,,,,70.1,2179,159424,,,
9/19/2020,,,,733.23,21005,1128922,314.01,18539,1079823,128.92,6721,413424,,,
7/22/2020,,,,723.67,21300,1026566,140.91,7178,424369,142.64,4682,392812,,,
1/15/2020,,,,528.1,19684,1015231,,,,142.18,5250,712880,,,
11/13/2020,,,,1613.8,59776,3258728,289.65,19929,579397,171.55,7189,416796,,,
9/29/2020,,,,989.65,24963,1600791,184.42,18516,756320,265.42,9844,556199,,,
6/26/2021,,,,434.22,14093,732462,270.53,22657,618182,32.67,747,48730,,,
6/16/2020,,,,859.59,22875,1226130,,,,107.41,3982,288056,,,
2/27/2021,,,,467.17,23566,1217522,315.17,34564,662180,96.57,4703,250750,,,
9/4/2021,,,,372.8,12679,585614,273.57,15489,392212,67.11,1277,105514,,,
11/16/2020,,,,426.88,20955,1021196,41.5,5015,119804,83.66,3877,222272,,,
3/20/2021,,,,410.63,16006,848245,185.68,18679,374429,63.23,1653,106680,,,
8/19/2020,,,,785.46,23116,1206340,108.47,9438,383262,158.68,5754,416235,,,
5/26/2020,,,,898.91,29560,1610027,,,,88.68,5798,237607,,,
10/6/2020,,,,854.49,20385,1045492,157.28,17600,713992,84.25,4273,274615,,,
5/25/2020,,,,966.32,30652,1707100,,,,69.28,4651,173329,,,
10/7/2020,,,,779.19,19707,1042393,181.62,15299,644424,86.28,4353,268094,,,
5/19/2021,,,,664.12,20602,999562,449.08,31774,1082827,66.14,1583,122159,,,
11/4/2020,,,,605.9,23947,1127342,111.08,23217,676780,107.43,5289,351732,,,
9/28/2020,,,,743.81,20338,1065107,165.24,18224,743542,151.24,7702,489584,,,
6/19/2021,,,,549.85,17658,807440,327.26,23036,699186,100.52,2282,163273,,,
10/31/2021,,,,637.19,17622,2395965,176.47,13107,444813,24.99,1121,54641,,,
5/12/2020,,,,844.83,26616,1440226,,,,90.44,6218,299948,,,
6/14/2020,,,,915.28,25755,1378893,,,,86.29,3216,204555,,,
12/22/2020,,,,1052.6,36103,1899542,314.86,26178,494964,144.75,7126,325855,,,
8/9/2020,,,,504.26,17091,767251,64.06,10208,331886,52.36,2948,186604,,,
2/14/2021,,,,398.83,18226,884852,179.85,26216,544665,38.26,1833,104248,,,
9/12/2020,,,,729.89,18596,844300,141.91,10503,485206,74.42,3491,228589,,,
11/17/2020,,,,386.54,18722,1137435,40.63,4615,104698,52.15,2313,124998,,,
1/15/2021,,,,457.58,21044,1062621,178.95,21102,394986,91.97,4072,250101,,,
8/8/2020,,,,546.09,17654,763215,101.28,8945,343696,57.86,2794,168857,,,
1/5/2021,,,,359.84,18770,920922,127.45,19843,438789,67.1,2200,138319,,,
10/9/2020,,,,885.63,24275,1662703,227.49,19042,1022558,118.2,5411,320274,,,
1/16/2020,,,,560.53,20273,993639,,,,154.88,6260,707125,,,
12/7/2021,,,,705.72,40768,2461670,524.99,73973,1886767,29.21,1510,68491,,,
9/5/2020,,,,662.26,17431,769296,140.92,8202,449103,75.81,3221,204865,,,
5/6/2021,,,,1107.98,29129,1637200,656.97,42884,1290242,108.31,2543,196986,,,
5/9/2020,,,,892.6,29309,1566415,,,,87.88,4606,232527,,,
11/29/2020,,,,2255.11,79833,4773851,611.55,50901,1053597,671.09,15921,1286284,,,
1/7/2021,,,,422.02,18977,913987,183.74,20032,463355,111.94,4439,302439,,,
2/20/2020,,,,741.16,23647,1214631,,,,270.04,5037,436676,,,
6/3/2021,,,,384.59,12321,539527,233.04,23079,698838,81.21,2485,176020,,,
11/18/2020,,,,415.74,18860,1028568,44.46,6536,143341,50.86,2645,142306,,,
3/30/2021,,,,304.87,12687,810757,89.65,14384,269084,56.32,1634,107732,,,
11/3/2020,,,,618.16,24556,1567367,76.52,19561,490619,166.59,8664,647001,,,
8/6/2020,,,,616.03,19160,871909,72.7,5715,269212,59.21,3145,203759,,,
1/14/2020,,,,490.65,18504,939717,,,,92.9,3266,432755,,,
1/1/2020,,,,397.69,21105,1095471,,,,70.15,2862,233511,,,
9/3/2021,,,,395.94,12832,633740,259.91,14904,374032,91.31,1738,164402,,,
11/16/2021,,,,491.19,13564,773306,145.33,12027,284677,50.21,1842,66674,,,
7/18/2020,,,,1138.61,28842,1205397,182.83,10906,473630,172.73,5699,389116,,,
2/25/2020,,,,609.67,23673,1261016,,,,75.05,3035,258047,,,
12/21/2020,,,,1690.93,59820,2977447,476.76,38705,723401,148.05,7472,309714,,,
3/26/2020,,,,772.85,20088,1312821,,,,94.92,3025,250123,,,
9/1/2020,,,,593.3,16793,869223,127.44,11018,385619,102.01,2483,218871,,,
10/26/2021,,,,468.66,16627,683980,191.59,11056,349173,40.73,1048,57770,,,
5/14/2021,,,,468.17,14419,701550,289.52,28478,959023,33.98,786,43589,,,
1/28/2020,,,,479,19460,945811,,,,54.76,2433,291051,,,
2/21/2021,,,,470.23,21562,1239009,276.12,34166,577717,80.8,3676,212537,,,
7/11/2021,,,,377.7,13264,672031,245.81,19409,589434,56.12,1178,112101,,,
7/26/2021,,,,226.61,7539,310167,87.08,10984,326874,23.91,681,65520,,,
5/14/2020,,,,1953.03,50161,2466282,,,,268.13,12375,597810,,,
7/22/2021,,,,110.02,4777,125117,60.42,12235,360778,5.77,152,22268,,,
2/22/2021,,,,370.13,15887,1016725,261.42,28507,516434,99.71,4679,277673,,,
3/27/2020,,,,708.93,20444,1304875,,,,80.08,2514,194355,,,
2/10/2020,,,,996.31,29934,1495051,,,,97.64,4313,510339,,,
1/14/2021,,,,606.52,24272,1087648,166.46,26330,460802,98.59,4482,291434,,,
2/28/2021,,,,387.52,18964,977722,329.66,39382,769375,103.38,4855,266727,,,
6/18/2021,,,,598.18,17702,1011434,363.6,23434,746726,116.04,2544,187260,,,
2/11/2020,,,,951.05,28169,1396814,,,,132.06,5092,534139,,,
5/29/2020,,,,832.66,24709,1368875,,,,87.9,6212,271250,,,
7/4/2020,,,,715.8,19951,1078152,90.1,6433,233983,73.85,2941,233421,,,
10/26/2020,,,,627.51,20855,1099774,142.16,9564,495407,97.23,4129,280291,,,
12/26/2020,,,,482.28,21742,824061,120.99,15074,279675,63.76,1652,81836,,,
8/10/2021,,,,283.61,8491,388776,121.14,10132,252472,39.19,1126,101494,,,
6/29/2020,,,,381.8,10159,500006,,,,125.81,4035,309273,,,
10/8/2020,,,,998.15,24406,1324092,186.41,15974,750514,147.16,6201,365055,,,
1/1/2021,,,,355.28,14890,681338,49.91,12645,332587,45.81,1488,89366,,,
12/18/2021,,,,478.93,27341,2185714,70.18,23441,588909,34.79,1467,81436,,,
11/1/2020,,,,697.06,29283,1006932,77.47,13030,435060,130.07,6755,432102,,,
1/11/2020,,,,601.59,23575,1142908,,,,64.49,2331,274016,,,
12/3/2021,,,,560.95,22439,1883167,368.09,70973,1668253,46.46,2414,130264,,,
3/30/2020,,,,712.76,20660,1311079,,,,57.28,2330,175200,,,
5/10/2020,,,,798.05,26516,1397405,,,,93.03,4839,245653,,,
6/1/2021,,,,396.11,13232,789843,255.46,25583,746091,73.8,3005,236346,,,
5/12/2021,,,,679.07,18757,1236601,366.95,37604,1067472,56.35,1251,84764,,,
6/28/2021,,,,421.59,14570,697126,146.39,14738,440503,40.24,917,63307,,,
1/13/2020,,,,538.17,21258,988061,,,,89.5,3150,419142,,,
6/13/2021,,,,545.85,19626,979434,359.91,31941,881691,90.08,2284,133776,,,
11/2/2020,,,,683.92,25898,1500188,69.42,15694,499428,166.56,8501,616926,,,
1/2/2020,,,,469.07,22612,945364,,,,217.93,6367,595840,,,
11/15/2020,,,,662.11,30347,1354652,145.74,12013,348821,121.3,5540,344216,,,
12/8/2020,,,,1373.43,66754,3624277,232.16,23783,522684,162.12,6355,440473,,,
4/29/2020,,,,650.03,19599,1091166,,,,64.02,2288,146183,,,
7/12/2021,,,,335.84,10637,505235,283.2,20118,646470,56.89,1155,128493,,,
1/29/2020,,,,576.76,20513,994937,,,,44.02,1897,269677,,,
5/27/2020,,,,772.55,23031,1156000,,,,90.49,6048,274796,,,
6/29/2021,,,,450.63,14903,845607,149.56,14519,488392,45.2,1033,71687,,,
9/2/2020,,,,572.95,16705,954719,120,10604,395437,90.49,2614,207975,,,
5/11/2020,,,,774.05,24392,1293332,,,,101.09,6259,319809,,,
9/17/2021,,,,283.59,10606,420795,317.49,18308,660326,151.38,2628,266070,,,
2/6/2021,,,,449.99,23051,1229052,110.91,17500,337411,44.57,1572,86721,,,
2/24/2021,,,,404.53,18860,1209075,226.32,28261,538645,94.56,4670,253559,,,
5/28/2020,,,,884.59,25474,1436344,,,,95.31,6288,273906,,,
1/3/2021,,,,245.83,12433,707335,43.94,14181,263306,43.68,1440,92066,,,
9/3/2020,,,,716.82,18502,996761,136.41,9943,364272,126.28,5219,423249,,,
5/5/2021,,,,936.15,25624,1496252,579.85,38416,1198671,84.33,2248,166286,,,
1/16/2021,,,,590.29,30351,1461453,121.17,21560,396162,89.96,3781,209286,,,
11/19/2020,,,,518.11,21410,1076022,67.68,6808,156710,72.9,3863,226514,,,
12/13/2020,,,,1729.19,92807,4963959,462.48,39958,753502,259.09,11392,698797,,,
6/11/2021,,,,458.06,15379,824267,317.7,24979,662495,97.79,2442,154906,,,
12/11/2020,,,,1764.37,85994,4181587,304.95,27947,652254,106.84,5771,303021,,,
7/17/2021,,,,119.39,5738,159003,75.38,10379,296669,6.91,337,28561,,,
7/3/2021,,,,420.65,13947,741392,235.37,18375,602190,45.56,1043,78131,,,
3/12/2020,,,,679.92,20812,1298625,,,,154.52,4663,282377,,,
1/27/2020,,,,485.18,19494,909591,,,,59.42,2587,301166,,,
8/5/2020,,,,557.1,18611,902978,25.23,2486,88100,39.34,2064,125149,,,
7/24/2021,,,,112.84,5307,138609,56.92,13386,347635,10.88,327,26753,,,
6/15/2021,,,,472.52,16910,912454,369.04,27350,786721,72.9,2161,205781,,,
1/17/2021,,,,516.56,26045,1284255,171.16,29527,563821,93.05,4004,224306,,,
5/13/2020,,,,1453.75,40582,2031526,,,,195.2,10298,473619,,,
11/6/2020,,,,539.14,21649,1008354,153.6,14951,450257,78.32,3252,196638,,,
6/5/2021,,,,335.83,13234,650880,241.56,21495,616471,47.74,1464,89115,,,
1/12/2020,,,,597.19,25212,1181043,,,,65.78,2252,242015,,,
1/29/2021,,,,571.65,21903,1184399,188.45,11230,284111,87.56,3426,205477,,,
9/30/2021,,,,297.67,11512,509600,241.24,16760,516459,64.76,898,86651,,,
7/20/2021,,,,93.61,4056,117747,89.52,12947,419990,4.52,190,16300,,,
8/25/2021,,,,386.48,11869,595983,240.75,12940,340558,83.94,1776,162284,,,
7/21/2021,,,,102.55,4265,108462,64.17,11635,351180,5.11,144,20633,,,
2/17/2020,,,,906.94,24331,871907,,,,156.66,4600,439107,,,
10/12/2021,,,,415.08,13717,584954,223.31,15484,454950,31.35,1026,64698,,,
8/10/2020,,,,557.81,20390,928712,65.86,10716,351652,123.21,6425,433024,,,
3/31/2021,,,,314.32,12715,786719,76.2,14680,262238,58.49,1686,116100,,,
8/12/2020,,,,589.91,24619,984034,94.96,9600,414728,126.11,6808,502044,,,
1/26/2020,,,,477.86,19370,908319,,,,41.21,1524,137264,,,
2/10/2021,,,,477.07,19892,1003535,174.1,14702,348312,79.54,3410,149660,,,
10/13/2021,,,,391.05,12789,562761,266.81,17575,482955,34.59,1059,62455,,,
12/6/2021,,,,573.79,32370,2029532,388.67,76724,1829614,38.5,2030,110851,,,
6/12/2021,,,,442.26,16263,852210,270.95,23926,635804,73.78,1808,106160,,,
5/7/2021,,,,1311.79,31556,2004803,670.15,42586,1297922,119.13,2780,205233,,,
7/7/2020,,,,836.46,19389,1130951,86,6421,217625,152.89,4569,338251,,,
10/29/2020,,,,679.49,25062,1057388,97.5,9298,342831,77.67,3328,193029,,,
4/21/2021,,,,573.82,16069,897966,284.75,29189,597757,77.91,2128,142462,,,
12/25/2020,,,,488,19283,945270,143.74,13872,280556,81.34,2875,140716,,,
12/12/2020,,,,1763.34,79706,4521569,426.82,41632,783815,262.65,11461,689115,,,
5/3/2021,,,,776.29,24646,1469357,481.42,36782,1114169,65.89,1655,111871,,,
12/19/2020,,,,898.05,49191,2453973,310.25,35172,593487,100.45,4940,194176,,,
2/7/2021,,,,611.52,25558,1515209,173.5,24506,451700,46.09,1672,85304,,,
9/4/2020,,,,666.38,17238,957585,110.39,7676,350954,107.99,5198,390628,,,
7/5/2020,,,,770.33,20805,1100557,98.23,7191,270242,66.19,2618,225319,,,
12/23/2020,,,,237.59,8281,514385,506.67,36974,663614,163.42,11001,520721,,,
10/30/2021,,,,762.45,17283,3364582,185.22,12649,433742,50.81,1442,68202,,,
8/12/2021,,,,350.02,9513,432760,158.37,11855,281327,54.85,1312,138633,,,
3/13/2021,,,,301.22,14572,788924,141.39,14805,294074,58.03,1365,112164,,,
10/13/2020,,,,911.16,25466,1486096,201.47,18845,635318,85.3,5294,308212,,,
6/27/2021,,,,464.01,15813,816647,225.07,23136,576939,37.87,865,54024,,,
3/29/2021,,,,265.98,11723,684926,100,14259,272957,49.83,1493,96116,,,
6/14/2021,,,,418.05,15574,784092,289.93,24272,657032,85.75,2291,166351,,,
7/6/2020,,,,786.51,19726,1023128,88.12,6811,238161,79.29,3589,304708,,,
3/27/2021,,,,273.84,11812,645212,121.51,15181,293656,38.95,1147,79283,,,
12/5/2021,,,,548.83,27370,1858856,388.01,53068,1282550,37.68,1924,101083,,,
10/12/2020,,,,827.4,24972,1521962,214.41,20255,730410,88.56,5255,290469,,,
5/8/2021,,,,1010.57,24963,1283407,627.51,40223,1266820,106.53,2428,210358,,,
11/20/2020,,,,581.04,24553,1055724,77.27,8557,211147,66.15,2707,166708,,,
10/2/2020,,,,851.1,23472,1736576,136.47,18373,687085,136.24,5954,399224,,,
4/30/2020,,,,750.13,23590,1234724,,,,57.76,3393,156920,,,
10/15/2020,,,,921.43,26392,1355104,201.46,12012,465371,100.47,6850,360642,,,
3/28/2021,,,,289.7,12983,745295,104.93,16550,302477,39.08,1141,78700,,,
2/15/2021,,,,418.8,17340,735542,214.07,26672,468810,56.46,2025,125686,,,
2/2/2020,,,,507.83,20177,895285,,,,85.56,2908,273293,,,
10/27/2020,,,,620.18,20636,1065405,110.09,9499,360288,89.81,3835,261406,,,
12/4/2021,,,,616.96,26049,2064903,399.22,55201,1299208,55.73,2893,155613,,,
9/17/2020,,,,665,17179,887070,197.86,16350,685406,93.83,4061,317187,,,
10/28/2020,,,,557.99,19904,1058848,102.76,9112,292243,79.79,3401,219257,,,
7/19/2020,,,,1188.66,30431,1394871,227.83,14856,701808,130.85,5323,397120,,,
3/23/2020,,,,840.02,20702,1512105,,,,152.17,8311,421054,,,
11/24/2020,,,,2088.94,59337,2714663,302.2,17378,476041,463.81,12865,991866,,,
3/10/2020,,,,554.51,21494,1068924,,,,120.65,4402,303418,,,
8/27/2020,,,,605.04,16177,684751,147.26,11181,414606,122.39,5946,444038,,,
3/1/2021,,,,359.01,17898,965060,235.22,26077,537315,96.7,4500,250495,,,
4/22/2021,,,,619.52,17652,1001944,251.53,27212,570799,86.03,2540,163113,,,
9/20/2021,,,,317.54,10886,415233,289.06,17235,625710,161.4,2604,307106,,,
2/18/2020,,,,1045.15,24563,927498,,,,117.63,4708,440149,,,
8/28/2020,,,,716.14,18268,820083,137.08,10616,405629,93.94,3823,213574,,,
10/25/2021,,,,484.31,17721,749498,194.5,10805,368367,54.51,1368,78918,,,
3/22/2021,,,,272.06,12405,779423,114.88,9974,240778,78.99,2188,158736,,,
3/24/2020,,,,862.8,22286,1566274,,,,139.38,5174,349222,,,
5/15/2020,,,,1880.03,50701,2708876,,,,195.43,9526,468459,,,
12/25/2021,,,,674.22,27605,1569412,371.86,48443,1162027,65.97,2237,98072,,,
11/21/2020,,,,746.48,30230,1197842,98.96,10544,258481,133.74,6238,425853,,,
2/16/2021,,,,370.39,19487,982958,166.91,26184,455502,47.08,2344,130469,,,
6/21/2020,,,,1378.34,37117,1922219,,,,109.15,4785,224571,,,
7/18/2021,,,,123.21,5846,181849,65.2,13182,354345,4.9,244,20792,,,
1/9/2021,,,,489.67,20848,967835,136.66,17376,361584,97.36,4259,264783,,,
12/10/2020,,,,1604.67,75400,3986928,274.22,24392,578840,77.64,3995,227323,,,
7/19/2021,,,,102.81,5057,139217,69.87,13235,392705,5.53,259,25122,,,
8/24/2021,,,,364.87,11769,616986,273.99,13834,370910,110.2,2245,223978,,,
1/9/2020,,,,467.85,20774,1002203,,,,106.18,3762,619592,,,
2/1/2021,,,,378.41,20675,1273159,122.04,8270,213095,54.7,2113,100542,,,
9/15/2020,,,,658.27,16411,753580,126.52,8669,457618,104.71,4668,304503,,,
2/13/2021,,,,417.9,19130,860742,237.22,24344,566368,49.61,2477,139736,,,
8/1/2020,,,,512.19,17599,995466,93.39,6515,357916,26.37,1318,85794,,,
3/15/2021,,,,302.94,14769,837113,123.07,16304,328366,71.78,1856,146046,,,
7/5/2021,,,,441.94,15447,805428,233.39,18208,627962,74.33,1841,159360,,,
7/4/2021,,,,422.35,14897,780161,213.66,19771,652993,49.45,1150,84118,,,
8/29/2020,,,,648.57,19421,789608,132.51,8083,425555,82,2901,153679,,,
8/27/2021,,,,418.5,11956,620043,237.09,11909,314246,118.58,2584,254686,,,
8/26/2020,,,,587.97,17686,691363,121.38,9650,343293,88.47,5445,352852,,,
3/11/2020,,,,516.81,16115,987913,,,,114.27,3210,207437,,,
7/13/2021,,,,294.96,9842,401873,238.1,15432,438190,31.7,648,52881,,,
8/21/2021,,,,321.49,9935,497191,257.87,13391,332648,94.3,1604,134956,,,
2/1/2020,,,,536.06,19983,966170,,,,93.86,3924,549683,,,
2/14/2020,,,,1260.91,32176,1573050,,,,186.75,6602,679470,,,
1/8/2020,,,,418.01,20524,1017556,,,,138.75,4240,763506,,,
11/25/2020,,,,2599.82,69494,3071820,335.32,18791,465832,402.01,10891,822621,,,
3/12/2021,,,,326.8,13382,729302,139.98,16328,325260,68.11,1651,128408,,,
11/22/2020,,,,1382.65,50735,1757856,194.88,16256,403772,173.6,6002,419210,,,
2/9/2021,,,,479.11,20944,1227593,165.02,14918,352236,69.48,2734,123934,,,
4/9/2020,,,,1064.52,26446,2035928,,,,161.9,6280,450838,,,
10/11/2021,,,,346.14,12171,543958,220.03,14946,502269,37.44,1247,77712,,,
12/30/2020,,,,395.15,16131,651829,72.83,7404,160146,65.77,2115,123298,,,
10/14/2021,,,,439.99,13822,654809,370.62,21522,603966,34.71,1053,58656,,,
2/23/2021,,,,449.74,21507,1443962,274.28,27560,528788,89.64,4385,242703,,,
2/8/2021,,,,497.28,19341,978686,188.78,21127,449976,58.51,2233,96550,,,
3/25/2020,,,,860.95,23103,1523903,,,,106.67,3769,280913,,,
2/5/2020,,,,649.04,19076,925435,,,,108.44,4068,342680,,,
6/16/2021,,,,579.53,18178,991560,434.82,28432,776968,124.19,3311,293233,,,
2/16/2020,,,,993.55,29113,1218942,,,,65.46,3094,321323,,,
10/28/2021,,,,471.02,15708,571921,192.29,12014,449758,51.46,1239,52849,,,
7/9/2020,,,,982.04,23587,1133553,119.72,9765,368670,186.01,7106,527897,,,
5/30/2020,,,,885.29,27557,1524762,,,,82.42,5768,224155,,,
10/22/2021,,,,437.63,14514,657250,198.71,11750,359134,45.28,1091,63655,,,
8/14/2020,,,,535.65,22491,989580,108.4,10223,365144,120.98,5646,440041,,,
4/20/2021,,,,653.75,19580,1489495,267.63,33122,751580,80.18,2071,133514,,,
2/23/2020,,,,684.94,24982,1443095,,,,69.12,2368,168228,,,
2/3/2020,,,,557.13,19888,816071,,,,149.57,4771,460128,,,
10/16/2020,,,,885.94,26538,1477899,152.26,10907,368857,126.86,7399,346431,,,
4/30/2021,,,,763.95,20736,1055186,428.31,31675,911574,105.65,2626,164526,,,
11/20/2021,,,,378.86,12584,477163,77.97,11771,223017,40.63,2087,84403,,,
9/20/2020,,,,895.32,23088,1154410,301.27,24777,1310667,112.86,5535,330315,,,
7/14/2021,,,,280.43,9358,358375,187.83,14615,422523,21.02,520,45178,,,
3/21/2020,,,,812.5,19724,1303784,,,,163.95,8412,444953,,,
7/27/2021,,,,235.28,7625,342139,131.98,9405,318783,28.67,801,72284,,,
8/26/2021,,,,359.19,11416,594579,240.44,11422,315649,115.7,2389,233951,,,
10/14/2020,,,,843.66,22999,1294297,196.49,17502,614724,61.7,5759,315111,,,
1/25/2020,,,,473.18,18537,900126,,,,45.89,1753,164232,,,
6/6/2021,,,,358.18,14761,660860,183.62,25062,664813,65.32,2020,124182,,,
10/17/2020,,,,904.71,28462,1485949,131.61,12174,389832,93.11,5216,242555,,,
11/5/2020,,,,688.85,25947,1312546,153.36,17772,541108,93.25,4042,255295,,,
6/20/2020,,,,1373.3,36095,1818064,,,,91.15,4473,189594,,,
8/11/2020,,,,564.25,25383,857086,99.14,10689,399490,156.03,8140,553453,,,
10/24/2021,,,,517.94,19034,772408,197.45,12762,399867,49.45,1287,61734,,,
2/27/2020,,,,683.49,25141,1284194,,,,213.01,6640,538175,,,
7/1/2021,,,,443.04,14885,801408,183.95,17056,533755,67.26,1520,117803,,,
8/2/2020,,,,540.26,20196,1104965,88.13,7750,410350,32.67,1382,86920,,,
5/31/2020,,,,881.79,28633,1539996,,,,86.87,5816,221755,,,
1/7/2020,,,,402.33,21512,1048852,,,,155.89,4763,501453,,,
9/22/2020,,,,647.85,17687,808878,213.23,20313,658465,135.55,5107,348902,,,
7/15/2021,,,,241.6,8501,327638,133.31,12083,364093,10.64,366,25111,,,
9/10/2020,,,,652.86,15468,726124,165.39,10473,541820,85.31,4247,253732,,,
10/3/2020,,,,799.32,22181,1477773,151.55,17957,769059,82.82,3604,237873,,,
7/6/2021,,,,441.14,15522,830892,230.76,19911,627891,76.66,2062,201187,,,
12/31/2020,,,,344,13006,594069,74.95,6768,192257,56.98,1844,111663,,,
8/13/2020,,,,534.28,22303,1027458,98.96,9578,343611,132.84,6030,443325,,,
2/29/2020,,,,763.29,31736,2625671,,,,108.42,3350,281744,,,
7/28/2021,,,,262.08,8302,413016,146.3,9465,293742,26.77,758,57432,,,
2/6/2020,,,,717.78,20257,991570,,,,105.14,4177,477243,,,
9/21/2020,,,,916.29,22834,1254703,213.46,21125,863275,162.83,7448,475126,,,
3/22/2020,,,,886.36,20959,1434768,,,,158.29,9926,470512,,,
3/23/2021,,,,329.33,13576,784679,60.81,5517,102485,53.42,1525,107315,,,
8/15/2020,,,,527.65,21967,954487,127.82,9633,685658,98.47,5036,365763,,,
2/15/2020,,,,1190.43,31631,1687250,,,,75.01,3751,412905,,,
8/20/2021,,,,363.95,10319,581153,241.85,13264,313856,89.91,1599,159767,,,
10/5/2020,,,,919.9,22979,1469832,156.92,16926,813924,138.54,6626,463823,,,
8/25/2020,,,,603.21,19714,897853,122.7,8268,313173,59.7,2922,163736,,,
7/29/2021,,,,254.8,8130,404306,153.91,10005,315378,21.46,682,40748,,,
11/23/2020,,,,1588.24,55614,2115969,263.74,17585,509909,308.64,11112,815698,,,
8/13/2021,,,,257.03,7871,361464,149.19,10907,277736,55.43,1303,130524,,,
1/2/2021,,,,330.41,14696,692901,54.47,15335,315828,45.49,1495,100491,,,
3/26/2021,,,,285.4,12729,723165,92.84,14969,282471,48.51,1484,97213,,,
11/10/2020,,,,1365.7,33240,2065031,233.38,21845,601530,250.07,8998,651425,,,
2/17/2021,,,,367.63,22330,1064589,189.44,32354,554137,66.55,2949,179818,,,
8/17/2020,,,,603.78,22668,1068180,91.64,8836,323010,108.65,5409,462807,,,
10/18/2020,,,,929.48,30474,1562848,125.24,14530,435668,87.66,4892,233467,,,
11/21/2021,,,,394.49,13990,554155,82.92,11720,242754,29.89,1617,65324,,,
11/12/2020,,,,1866.1,40353,2412053,378.23,22895,594596,243.06,6411,421258,,,
7/8/2020,,,,859.07,20735,1183993,98.43,8254,273644,175.71,6854,518443,,,
2/2/2021,,,,456.33,22772,1280055,134.05,11659,250111,43.9,1726,90995,,,
9/23/2020,,,,718.73,19109,1172699,256.87,17258,696360,108.47,4582,273932,,,
2/28/2020,,,,727.85,30276,2904763,,,,237.14,8796,702648,,,
10/19/2020,,,,799.14,26632,1594278,140.91,13899,504798,141.93,5528,297279,,,
5/20/2020,,,,946.73,28741,1711493,,,,90.4,5774,253202,,,
6/9/2021,,,,441.53,15740,910592,268.74,23427,618346,88.85,2520,173028,,,
2/4/2021,,,,445.38,21486,1320426,162.2,17674,366519,79.21,3346,190320,,,
2/13/2020,,,,1361.73,34359,1694874,,,,220.76,6212,607735,,,
3/25/2021,,,,298.67,12762,707969,100.78,14074,262875,70.44,1949,133467,,,
8/23/2021,,,,355.42,11238,610337,278.94,14439,398457,112.9,2299,228103,,,
12/27/2020,,,,461.39,23942,1041201,144.49,18183,341944,87.73,2424,122618,,,
11/27/2021,,,,1151.2,33988,2743913,767.78,52378,1168931,119.22,2998,197493,,,
3/20/2020,,,,770.12,19903,1445175,,,,165.4,6646,363434,,,
2/5/2021,,,,439.72,18782,1095904,132.31,13290,277342,58.02,2330,130242,,,
9/24/2020,,,,740.97,20411,1451613,139.96,17282,650683,106.5,4498,290569,,,
3/11/2021,,,,330.89,14723,879881,109.49,17843,325683,75.08,1955,139327,,,
11/11/2020,,,,2347.01,46433,2840100,543.92,31367,899827,435.67,11339,877486,,,
2/3/2021,,,,465.55,25168,1287066,183.2,20227,395022,62.09,2806,151810,,,
8/22/2021,,,,327.03,9668,493934,272.08,15099,359343,95.27,1602,127316,,,
8/18/2020,,,,670.83,22768,888143,96.91,10043,350807,178.6,6358,504105,,,
7/16/2021,,,,170.21,6584,218441,87.65,10642,309538,8.04,361,25830,,,
10/6/2021,,,,254.43,10356,507165,149.56,9932,321573,29.47,858,46605,,,
9/11/2020,,,,748.31,18838,892840,167.75,10416,531139,98.95,4634,301981,,,
10/27/2021,,,,447.3,15700,612792,207.75,10937,470738,52.82,1255,69149,,,
4/28/2020,,,,633.31,19013,1055097,,,,71.62,2590,166398,,,
7/10/2020,,,,1058.07,26292,1245361,132.73,10284,373519,191.54,6639,440051,,,
8/4/2020,,,,620.95,20739,1020598,57.38,7443,293416,56.82,2680,177665,,,
2/4/2020,,,,556.65,18516,820168,,,,225.72,4336,402643,,,
8/11/2021,,,,356.14,9544,441128,161.62,11919,267570,53.22,1216,126361,,,
2/19/2020,,,,826.43,21736,948731,,,,113.63,4235,388498,,,
5/20/2021,,,,626.11,20544,1182622,465.38,32364,1083751,69.13,1642,134335,,,
3/14/2021,,,,316.26,14279,773140,118.25,16589,323890,58.45,1399,112905,,,
6/7/2021,,,,361.23,13724,684529,225.98,23655,701601,68.79,2357,157756,,,
9/11/2021,,,,405.61,12558,520138,353.64,18191,451199,70.47,1215,102969,,,
10/23/2021,,,,470.31,15959,693662,213.02,12667,397451,46.37,1164,58347,,,
7/2/2021,,,,416.43,14333,807944,221.51,18805,620395,61.19,1393,109847,,,
12/20/2021,,,,969.05,35921,3993032,402.4,35164,1124744,82.94,2904,154627,,,
10/21/2021,,,,432.16,14649,684980,179.31,10918,330824,45.09,1097,74298,,,
1/6/2020,,,,397.96,23316,1113094,,,,201.54,6500,598949,,,
4/13/2020,,,,616.45,17080,807554,,,,142.24,5920,468623,,,
3/10/2021,,,,343.89,13380,850712,138.23,16481,327619,68.86,1824,133088,,,
1/30/2020,,,,489.98,13651,577643,,,,45.44,2021,255232,,,
11/12/2021,,,,1148.08,23061,1222712,543.93,37059,748374,127.23,2911,139147,,,
10/10/2021,,,,328.18,12679,492683,184.43,14482,409986,34.51,1036,56981,,,
3/24/2021,,,,284.57,12118,756775,77.64,14751,275356,60.02,1538,113984,,,
3/7/2021,,,,312.37,16499,931371,134.68,22434,409383,57.8,1840,136620,,,
3/16/2021,,,,357.4,14451,773495,141.98,18267,347278,73.24,1845,129009,,,
2/12/2020,,,,1120.32,27950,1259438,,,,161.05,5134,502835,,,
1/31/2021,,,,415.51,21131,1205920,121.72,10658,243990,65.7,2608,150992,,,
1/5/2020,,,,458.69,25354,1188059,,,,117.91,4214,323826,,,
8/30/2020,,,,672.59,21101,837902,221.56,11966,628513,69.93,2607,137543,,,
2/19/2021,,,,427.14,21739,1626133,219.09,29414,492137,13.45,730,44245,,,
4/15/2021,,,,376.16,11963,623481,118.7,18557,394969,31.1,907,57891,,,
3/8/2021,,,,284.43,13371,693772,159.94,20071,428429,66.48,2233,170129,,,
8/4/2021,,,,282.77,7675,302411,154.05,12241,360675,37.93,1196,76283,,,
8/5/2021,,,,273.14,7553,288396,157.75,11930,299029,26.87,929,70016,,,
6/3/2020,,,,835.52,23666,1351300,,,,86.2,6118,282063,,,
2/18/2021,,,,470.37,19839,1253398,242.54,30950,561021,69.62,2818,183933,,,
9/18/2020,,,,627.86,16690,875652,199.17,14632,689977,102.9,4192,309779,,,
4/13/2021,,,,344.98,10554,699945,131.07,11520,310788,43.03,1422,97141,,,
6/18/2020,,,,1406.3,31688,1655351,,,,246.22,6239,448188,,,
8/18/2021,,,,302.68,8256,441434,159.41,10125,242140,66.34,1338,158502,,,
11/13/2021,,,,899.36,19317,698929,460.65,35143,702187,110.95,2927,137241,,,
4/28/2021,,,,768.1,19153,1135589,426.42,30467,799528,128.13,3222,210100,,,
1/30/2021,,,,506.19,25285,1364664,136.35,9707,217739,78.1,2964,162898,,,
3/7/2020,,,,736,27366,1360239,,,,62.26,2332,198935,,,
2/26/2020,,,,679.7,25159,1301299,,,,148.98,5513,432772,,,
6/4/2020,,,,894.77,25828,1434085,,,,79.67,5671,244959,,,
8/16/2020,,,,517.77,19888,835166,114.73,10127,557586,84.78,4149,310167,,,
8/6/2021,,,,270.81,7477,310741,134.74,11565,296721,40.14,1256,100270,,,
10/9/2021,,,,317.22,11946,511073,182.96,14074,416409,35.33,1072,63218,,,
12/9/2020,,,,1270.95,61223,3520658,271.53,21877,526503,116.82,5465,332496,,,
4/26/2020,,,,652.98,20095,1121811,,,,73.1,2544,181320,,,
6/8/2021,,,,494.94,17937,1038239,237.48,23328,663038,85.73,2659,175314,,,
11/1/2021,,,,667.27,17605,2627753,177.96,12373,522680,53.61,1444,71060,,,
10/5/2021,,,,301.82,11488,532400,222.11,16025,500395,30.65,865,45423,,,
9/12/2021,,,,437.39,14109,586573,360.86,20257,511220,70.74,1188,94795,,,
8/31/2020,,,,670.25,19622,1043539,175.01,12257,561906,138.29,2957,218367,,,
4/14/2021,,,,281.9,9684,575159,88.36,12697,273705,35.62,1176,75435,,,
8/19/2021,,,,367.11,10741,636863,240.34,14909,336639,71.87,1402,150518,,,
4/1/2021,,,,309.08,13031,864408,90.03,18271,385156,52.79,1561,103238,,,
6/17/2020,,,,817.32,20483,1041084,,,,113.01,3680,264306,,,
7/11/2020,,,,1017.4,27653,1264963,137.7,10022,352585,112.99,4806,312831,,,
4/25/2020,,,,645.09,19266,1078855,,,,57.61,1995,135824,,,
11/26/2021,,,,1661.38,59150,3264503,1736.36,96696,2357107,221.29,4776,350552,,,
4/29/2021,,,,720.6,19109,1094433,478.98,30650,917799,120,2789,189580,,,
5/21/2021,,,,619.82,18635,845984,455.52,34836,1056874,70.92,1723,132413,,,
10/7/2021,,,,248.51,10094,503866,113.56,8962,268198,24.88,793,44627,,,
3/5/2020,,,,726.88,27363,1388391,,,,241.47,6101,452437,,,
9/28/2021,,,,293.62,10889,478237,242.07,16800,565513,53.25,741,68501,,,
7/27/2020,,,,714.86,22120,1065692,108.49,7320,421159,52.43,3438,240314,,,
11/28/2021,,,,558.91,25834,1865636,534.58,52709,1212147,128.13,3195,205145,,,
11/26/2020,,,,2998.95,72613,3619965,454.4,21488,539606,453.28,12035,922026,,,
8/3/2020,,,,538.97,20438,1043849,80,8166,394655,27.59,1484,97833,,,
9/26/2021,,,,301.64,11727,494275,222.04,18299,615764,42.52,576,47959,,,
9/13/2021,,,,407.17,13379,617243,352.56,19322,610883,102.45,2149,215857,,,
6/30/2021,,,,451.17,14799,790319,151.92,14621,458279,54.4,1233,91925,,,
5/23/2021,,,,622.08,19510,921888,391.06,45291,1175961,65.71,1666,123068,,,
9/27/2021,,,,294.64,11356,525046,236.45,17230,614828,53.86,749,60303,,,
5/22/2021,,,,694.79,21867,1067958,391.75,33961,1040369,71.89,1804,126147,,,
3/19/2020,,,,687.27,18859,1321181,,,,116.4,6240,432427,,,
10/1/2020,,,,866.24,23523,1716849,141.74,16231,622022,159.2,7072,519549,,,
12/21/2021,,,,1027.44,36258,4019246,673.24,68578,1743114,98.14,3343,202841,,,
3/17/2020,,,,610.59,20236,1392387,,,,170.52,5639,509139,,,
11/15/2021,,,,652.87,15377,623276,274.92,23628,509208,57.84,1728,72381,,,
6/5/2020,,,,815.97,23629,1344176,,,,80.81,5762,248882,,,
4/27/2020,,,,631.76,19191,1066584,,,,76.65,2758,198899,,,
3/6/2020,,,,683.49,25331,1295308,,,,144.35,5132,383372,,,
8/7/2021,,,,293.29,8265,355980,123.4,11738,288838,22.65,775,48138,,,
10/29/2021,,,,485.07,15509,1067561,196.31,12922,411961,43.86,1183,49396,,,
6/6/2020,,,,895.9,25579,1429613,,,,63.77,4337,165088,,,
12/22/2021,,,,653.85,24507,1543075,385.2,34904,923344,60.77,2358,111563,,,
8/22/2020,,,,644.81,20540,977813,128.51,9338,344430,63.06,3829,216365,,,
8/28/2021,,,,339.31,11208,557083,234.6,12049,316666,100.99,2176,185511,,,
4/16/2021,,,,492.19,14631,1017877,139.87,25993,507527,69.97,1940,140695,,,
4/23/2020,,,,634.98,18335,1040988,,,,90.24,3321,228383,,,
11/14/2021,,,,916.42,20997,698475,425.76,42067,841804,122.95,3765,176109,,,
5/23/2020,,,,1002.9,31271,1706345,,,,76.56,4380,175652,,,
10/20/2020,,,,759.33,26188,1475573,82.54,10122,276520,107.09,4394,249084,,,
3/4/2021,,,,324.39,14642,726149,138.98,18342,360589,72.51,2047,152804,,,
8/20/2020,,,,1024.95,25279,1355840,121.78,8754,409366,131.64,6866,459902,,,
10/21/2020,,,,711.39,25424,1456864,83.26,8427,231098,114.2,4528,279769,,,
9/14/2021,,,,396.91,13372,634962,373.17,19914,662661,104.14,2349,234441,,,
3/2/2020,,,,578.47,25370,1183103,,,,144.73,4737,391924,,,
3/3/2020,,,,663.59,26879,1301742,,,,111.04,3174,281821,,,
7/26/2020,,,,680.2,21905,1018806,95.36,7507,393523,30.42,1339,74589,,,
4/10/2020,,,,919.94,24301,1843617,,,,216.19,9417,530582,,,
7/12/2020,,,,1020.72,29092,1309179,126.99,11280,411910,114.65,4765,338075,,,
4/3/2021,,,,447.37,15729,1041232,139.18,21617,438840,45.38,1270,86771,,,
6/7/2020,,,,889.18,26301,1440288,,,,70.37,4764,182749,,,
9/21/2021,,,,348.78,11712,435760,324.98,17199,558507,160.37,2524,268727,,,
3/9/2021,,,,352.13,16189,919615,152.25,19379,380283,69.55,2112,153184,,,
7/7/2021,,,,427.88,14058,704227,230.74,18486,554473,73.88,1827,185593,,,
4/12/2020,,,,850.33,23966,1320487,,,,164.1,6811,424128,,,
3/15/2020,,,,654.46,25222,1344098,,,,96.15,3004,193399,,,
3/3/2021,,,,332.58,16369,949853,162.32,18408,369542,65.67,2017,149419,,,
8/21/2020,,,,927.12,26281,1262611,130.71,8905,358550,130.65,7002,464014,,,
7/28/2020,,,,689.6,21139,996396,122.42,7213,401112,75.24,4211,308686,,,
4/23/2021,,,,719.38,20154,1062334,261.89,30964,639772,79.83,2298,138461,,,
11/23/2021,,,,451.08,16733,643512,116.43,11741,278155,36.95,1645,81244,,,
12/30/2021,,,,860.16,37901,2401276,429.08,46906,1244248,42.67,2312,159992,,,
11/22/2021,,,,396.9,13722,375531,106.74,12209,253860,29.76,1565,70406,,,
10/15/2021,,,,442.41,13985,597352,372.7,23214,639805,30.14,895,45313,,,
3/29/2020,,,,756.27,21352,1266743,,,,58.57,2046,123483,,,
3/2/2021,,,,425.14,18312,898960,134.54,19121,403678,66.16,3554,222207,,,
8/29/2021,,,,337.17,11439,573046,221.5,13248,336239,102.88,2233,201588,,,
6/19/2020,,,,1248.55,33186,1812810,,,,159.17,5993,292850,,,
8/1/2021,,,,99.84,2775,292296,121.52,12208,393105,19.57,645,34873,,,
11/30/2020,,,,1992.45,63901,3187992,462.51,30476,796014,348.9,8296,580400,,,
7/25/2020,,,,682.2,21727,1069427,96.29,7169,372925,28.34,1224,66362,,,
4/24/2020,,,,612.7,18325,1060172,,,,70.31,2453,177705,,,
4/26/2021,,,,695.69,19636,1185847,390.79,36461,930374,103.72,2883,215596,,,
10/22/2020,,,,638.48,22019,1230934,68.14,6097,192385,110.43,4403,298688,,,
6/8/2020,,,,853.99,25871,1440884,,,,123.92,5104,279727,,,
10/18/2021,,,,477.9,16224,668063,297.47,21213,596355,48.32,1121,71515,,,
4/11/2020,,,,835.55,22688,1854624,,,,179.86,7540,440642,,,
10/24/2020,,,,649.84,21556,1090387,108.04,9554,345777,71.35,3151,184276,,,
8/23/2020,,,,649.49,21819,818839,125.15,10915,392444,45.88,3225,144219,,,
3/17/2021,,,,333.68,14752,859431,158.34,17171,331775,91.25,2104,143987,,,
10/19/2021,,,,460.26,15516,694902,355.96,21798,663695,50.56,1142,71051,,,
6/9/2020,,,,890.24,25743,1478376,,,,131.28,4473,300379,,,
9/25/2020,,,,622.81,18039,1010856,161.38,17059,693867,125.03,5415,340890,,,
7/1/2020,,,,312.94,7936,463235,49.76,5272,163183,67.51,3102,257338,,,
10/16/2021,,,,496.18,15809,623008,396.64,24672,728673,28.57,867,44981,,,
5/31/2021,,,,835.99,24428,1158885,403.37,35358,949374,96.54,3543,254900,,,
7/9/2021,,,,333.95,12977,642509,254.62,18595,572633,106.28,2407,196900,,,
3/18/2021,,,,371.89,15035,804491,155.4,17097,339023,96.68,2313,152013,,,
9/23/2021,,,,341.55,11511,484268,238.83,15663,516280,96.86,1494,137935,,,
10/8/2021,,,,286.09,10946,487236,148.63,10891,315398,31.83,987,57249,,,
8/15/2021,,,,243.64,7729,360930,116.86,9530,240376,35.77,845,74535,,,
3/19/2021,,,,384.6,15113,846356,161.95,19266,378894,78.48,2179,135251,,,
9/10/2021,,,,418.07,13595,663679,333.5,17944,429676,112.33,2050,188943,,,
8/16/2021,,,,242.14,7899,389546,128.72,8765,234574,61.04,1354,129066,,,
8/2/2021,,,,251.39,6817,256205,127.33,11884,466013,30.52,982,57965,,,
3/28/2020,,,,731.28,20692,1255026,,,,58.08,1894,145454,,,
7/2/2020,,,,685.95,19218,1186184,97,7300,281220,140.42,4232,354428,,,
3/5/2021,,,,313.68,14999,804114,163.27,18132,357882,71.96,2262,154712,,,
4/21/2020,,,,485.79,12865,628344,,,,100.96,3716,297978,,,
10/1/2021,,,,297.88,11651,505142,235.42,19481,622648,49.28,820,69604,,,
1/3/2020,,,,394.39,21867,984973,,,,234.73,7236,725693,,,
3/1/2020,,,,585.89,26979,2179051,,,,82.2,2573,214737,,,
3/18/2020,,,,707.57,20797,1467352,,,,142.22,6792,480530,,,
10/10/2020,,,,807.13,25388,1500495,193.7,19130,718660,97.55,5946,289531,,,
3/14/2020,,,,611.96,21649,1235336,,,,98.05,2997,192789,,,
4/2/2021,,,,450.81,16150,1310124,119.97,18829,422654,52.1,1584,108282,,,
11/11/2021,,,,1680.11,31474,2148147,835.45,46621,1018459,182.66,3816,227240,,,
7/15/2020,,,,840.99,24505,1197470,93.92,7949,349393,119.46,4137,275461,,,
12/31/2021,,,,705.26,34154,2222594,427.15,45603,1474842,13.93,1271,35335,,,
7/29/2020,,,,635.74,20994,986442,179.16,7533,710390,81.06,3182,221967,,,
10/25/2020,,,,663.6,22298,1115228,146.85,10064,466548,65.22,2835,172901,,,
4/10/2021,,,,540.52,18102,1157189,205.89,23920,603885,45.86,1668,108799,,,
7/8/2021,,,,434.52,14119,729396,225.21,17531,527741,74.72,1727,182960,,,
9/22/2021,,,,327.28,10587,442608,258.74,15781,520200,130.95,2015,212421,,,
11/10/2021,,,,2007.1,34316,2607009,825.76,47373,1134151,175.05,4189,271717,,,
4/25/2021,,,,693.77,22009,1393199,406.03,46745,991507,74.69,2114,153216,,,
2/9/2020,,,,912.96,30588,1561610,,,,78.91,2987,312028,,,
10/11/2020,,,,783.17,25585,1491103,200.36,20587,659053,101.25,5516,272557,,,
10/17/2021,,,,511.52,16895,665903,359.72,26175,743952,35.83,1081,53256,,,
10/4/2021,,,,270.52,10876,495833,135.26,12029,399317,52.15,880,84474,,,
4/27/2021,,,,700.4,19594,1067484,398.89,30750,817283,78.9,2035,153606,,,
3/13/2020,,,,643.96,20982,1290502,,,,139.07,5772,348317,,,
11/29/2021,,,,244.93,13002,877410,92.44,12233,236778,65.88,2107,134496,,,
11/25/2021,,,,1114.2,42334,1988422,729.08,56199,1298172,116.48,3201,175797,,,
7/13/2020,,,,1018.49,27458,1293424,113.7,9791,377210,166.65,7219,536473,,,
3/4/2020,,,,724.52,26748,1305611,,,,88.82,3403,260458,,,
8/17/2021,,,,264.06,8126,425327,137.56,8872,233517,74.04,1558,171267,,,
8/24/2020,,,,756.12,22787,1415603,145.7,10475,395030,56.53,4501,213285,,,
4/20/2020,,,,477.85,13908,677599,,,,129.42,4760,397063,,,
8/3/2021,,,,282.03,7710,350707,155.81,12599,453492,42.35,1355,88341,,,
2/7/2020,,,,785.57,24038,1212250,,,,136.19,4289,503574,,,
7/14/2020,,,,889.48,24864,1204603,120.15,10180,367723,138.57,5234,371291,,,
2/8/2020,,,,808.96,26775,1369904,,,,80.93,3169,369106,,,
9/24/2021,,,,316.52,11255,473611,239.18,15839,526924,69.73,1017,88442,,,
7/16/2020,,,,902.35,25308,1305995,97.15,5086,264285,134.01,5752,451874,,,
5/30/2021,,,,846.76,27013,1245735,465.32,47758,1189402,77.99,2750,165266,,,
7/17/2020,,,,1049.31,28322,1303059,147.96,10824,397469,213.13,6871,485262,,,
10/3/2021,,,,312.91,12859,546985,205.05,18476,574417,47.28,788,64929,,,
9/30/2020,,,,1012.81,25788,1619478,195.01,18770,729729,217.02,10831,675169,,,
11/30/2021,,,,86.2,5443,70645,2.47,521,6651,28.37,1707,77153,,,
4/24/2021,,,,821.61,24592,1751471,232.74,33905,669683,80.23,2592,180924,,,
3/6/2021,,,,347.8,17293,876536,149.32,19408,373570,54.94,1930,137517,,,
11/24/2021,,,,892.25,31270,1505404,393.47,31473,789979,81.76,2167,135383,,,
4/22/2020,,,,539.65,14048,784269,,,,86.81,3184,241538,,,
10/23/2020,,,,639.37,21163,1233158,97.89,9294,306199,99.42,4160,274115,,,
9/25/2021,,,,309.23,11573,474106,219.16,16698,551840,44.82,618,49770,,,
7/3/2020,,,,713.43,20444,1217317,95.59,6776,253549,123.54,4092,341423,,,
4/17/2021,,,,612.98,18440,1178375,91.98,27102,476452,68.65,1780,118830,,,
10/2/2021,,,,276.98,11255,452399,232.95,20087,615907,39.78,662,56692,,,
4/11/2021,,,,464.54,16688,1029626,237.51,25890,678745,32.41,1179,79787,,,
3/16/2020,,,,497.69,19770,1253061,,,,149.4,5555,559204,,,
4/12/2021,,,,433.62,15447,1070435,216.23,19219,554863,35.47,1288,92121,,,
9/6/2020,,,,686.51,17942,796052,135.33,8964,466729,68.05,2481,158549,,,
1/10/2020,,,,522.75,21879,1105058,,,,111.03,3447,446923,,,
8/14/2021,,,,233.43,7613,370410,142.79,9726,249193,41.01,958,89078,,,
1/6/2021,,,,382.63,23447,1134514,154.68,19353,439415,132.57,5077,347792,,,
10/4/2020,,,,816.18,21540,1665734,156.69,17585,778784,94.25,5195,339230,,,
9/16/2020,,,,634.1,16059,812114,160.94,16994,658807,95.32,4813,309163,,,
5/24/2021,,,,508.64,16439,845128,443.23,35305,1064995,85.81,2297,175441,,,
7/24/2020,,,,687.75,21651,1061298,75.98,6518,316483,52.19,1579,88748,,,
